	HEMISPHERE		ORBITAL EVENT		MONTH OF OCCURENCE
In the	northern hemisphere	, the	summer solstice	occurs in	June
In the	southern hemisphere	, the	summer solstice	occurs in	December
In the	northern hemisphere	, the	winter solstice	occurs in	December
In the	southern hemisphere	, the	winter solstice	occurs in	June
In the	northern hemisphere	, the	spring equinox	occurs in	March
In the	southern hemisphere	, the	spring equinox	occurs in	September
In the	northern hemisphere	, the	fall equinox	occurs in	September
In the	southern hemisphere	, the	fall equinox	occurs in	March